AGG,0.0
DBC,0.0
VIX,0.13176
VTI,0.86824
